contacto;periodo;categoria;subcategoria;prestacion;tipo_prestacion;fecha_ingreso;hora_ingreso;domicilio_cgpc;domicilio_barrio;domicilio_calle;domicilio_altura;domicilio_esquina_proxima;lat;lon;canal;genero;estado_del_contacto;fecha_cierre_contacto
00002052/19;201901;SALUD Y SERVICIOS SOCIALES;ENFERMEDADES TRANSMITIDAS POR MOSQUITOS;CRIADEROS DE MOSQUITOS;SOLICITUD;2019-01-02;10:47:57 a.m.;COMUNA 14;PALERMO;SALGUERO, JERONIMO;1581.0;;-34.5918515719745;-58.4178578336908;147;Femenino;Abierto;
00005734/19;201901;SALUD Y SERVICIOS SOCIALES;ENFERMEDADES TRANSMITIDAS POR MOSQUITOS;CRIADEROS DE MOSQUITOS;SOLICITUD;2019-01-02;07:30:04 p.m.;COMUNA 11;VILLA DEVOTO;NOGOYA;3955.0;;-34.608584420079104;-58.5016048875435;147;Femenino;Abierto;
00008016/19;201901;SALUD Y SERVICIOS SOCIALES;ENFERMEDADES TRANSMITIDAS POR MOSQUITOS;CRIADEROS DE MOSQUITOS;SOLICITUD;2019-01-03;11:17:20 a.m.;COMUNA 5;ALMAGRO;YATAY;386.0;;-34.6074949567728;-58.429231062826005;;Masculino;Cerrado;2019-01-03
00010025/19;201901;SALUD Y SERVICIOS SOCIALES;ENFERMEDADES TRANSMITIDAS POR MOSQUITOS;CRIADEROS DE MOSQUITOS;SOLICITUD;2019-01-03;03:29:20 p.m.;COMUNA 15;PATERNAL;OROÑO, NICASIO;;GRANADA, NICOLAS;-34.6030376587944;-58.461250522208005;147;Femenino;Cerrado;2019-01-04
00014097/19;201901;SALUD Y SERVICIOS SOCIALES;ENFERMEDADES TRANSMITIDAS POR MOSQUITOS;CRIADEROS DE MOSQUITOS;SOLICITUD;2019-01-04;11:55:52 a.m.;COMUNA 1;MONSERRAT;REPUBLICA BOLIVARIANA DE VENEZUELA;669.0;;-34.6138412192928;-58.375575361602;147;;Abierto;
00025931/19;201901;SALUD Y SERVICIOS SOCIALES;ENFERMEDADES TRANSMITIDAS POR MOSQUITOS;CRIADEROS DE MOSQUITOS;SOLICITUD;2019-01-07;07:58:22 p.m.;COMUNA 15;PATERNAL;BIARRITZ;1821.0;;-34.6000084489739;-58.4737595879807;147;Masculino;Abierto;
00029679/19;201901;SALUD Y SERVICIOS SOCIALES;ENFERMEDADES TRANSMITIDAS POR MOSQUITOS;CRIADEROS DE MOSQUITOS;SOLICITUD;2019-01-08;02:06:34 p.m.;COMUNA 11;VILLA DEVOTO;PAZ, MARCOS;2744.0;;-34.6136119136166;-58.508700596531;147;Masculino;Abierto;
00031309/19;201901;SALUD Y SERVICIOS SOCIALES;ENFERMEDADES TRANSMITIDAS POR MOSQUITOS;CRIADEROS DE MOSQUITOS;SOLICITUD;2019-01-08;06:24:46 p.m.;COMUNA 14;PALERMO;SANTA FE AV.;3601.0;;-34.585621666689704;-58.415081928780005;147;Femenino;Abierto;
00036314/19;201901;SALUD Y SERVICIOS SOCIALES;ENFERMEDADES TRANSMITIDAS POR MOSQUITOS;CRIADEROS DE MOSQUITOS;SOLICITUD;2019-01-09;04:25:43 p.m.;COMUNA 7;FLORES;VALLESE, FELIPE;2956.0;;-34.6234724118092;-58.4739729812294;147;Femenino;Abierto;
00039978/19;201901;SALUD Y SERVICIOS SOCIALES;ENFERMEDADES TRANSMITIDAS POR MOSQUITOS;CRIADEROS DE MOSQUITOS;SOLICITUD;2019-01-10;11:41:02 a.m.;COMUNA 11;VILLA GRAL. MITRE;FIGUEROA, D. APOLINARIO, CORONEL;2020.0;;-34.6146119222755;-58.46388440028979;147;Femenino;Abierto;
00042493/19;201901;SALUD Y SERVICIOS SOCIALES;ENFERMEDADES TRANSMITIDAS POR MOSQUITOS;CRIADEROS DE MOSQUITOS;SOLICITUD;2019-01-10;05:38:30 p.m.;COMUNA 10;VILLA LURO;ZELADA;4755.0;;-34.6416084234669;-58.4932689421496;Comunas;Femenino;Abierto;
00045101/19;201901;SALUD Y SERVICIOS SOCIALES;ENFERMEDADES TRANSMITIDAS POR MOSQUITOS;CRIADEROS DE MOSQUITOS;SOLICITUD;2019-01-11;11:09:40 a.m.;COMUNA 11;VILLA DEVOTO;ALLENDE;3451.0;;-34.609453299629806;-58.516300516758;147;Femenino;Abierto;
00045553/19;201901;SALUD Y SERVICIOS SOCIALES;ENFERMEDADES TRANSMITIDAS POR MOSQUITOS;CRIADEROS DE MOSQUITOS;SOLICITUD;2019-01-11;12:11:23 p.m.;COMUNA 15;AGRONOMÍA;CUENCA;4041.0;;-34.5935306352043;-58.5017113392317;147;Femenino;Abierto;
00046089/19;201901;SALUD Y SERVICIOS SOCIALES;ENFERMEDADES TRANSMITIDAS POR MOSQUITOS;INFORMACIÓN SOBRE ENFERMEDADES TRANSMITIDAS POR MOSQUITOS;SOLICITUD;2019-01-11;01:16:14 p.m.;COMUNA 10;VILLA REAL;MELINCUE;;VIRGILIO;-34.619962413017305;-58.5195292364194;147;Femenino;Cerrado;2019-01-14
00046696/19;201901;SALUD Y SERVICIOS SOCIALES;ENFERMEDADES TRANSMITIDAS POR MOSQUITOS;CRIADEROS DE MOSQUITOS;SOLICITUD;2019-01-11;02:52:36 p.m.;COMUNA 13;NUÑEZ;O'HIGGINS;3400.0;;-34.548798870672;-58.46335882975799;;Femenino;Abierto;
00047255/19;201901;SALUD Y SERVICIOS SOCIALES;ENFERMEDADES TRANSMITIDAS POR MOSQUITOS;CRIADEROS DE MOSQUITOS;SOLICITUD;2019-01-11;04:32:45 p.m.;COMUNA 15;CHACARITA;AGUIRRE;1675.0;;-34.5879104705841;-58.4453158223692;147;Femenino;Abierto;
00047726/19;201901;SALUD Y SERVICIOS SOCIALES;ENFERMEDADES TRANSMITIDAS POR MOSQUITOS;CRIADEROS DE MOSQUITOS;SOLICITUD;2019-01-11;05:54:20 p.m.;COMUNA 14;PALERMO;MANSILLA, LUCIO NORBERTO, GENERAL;3528.0;;-34.591525588123496;-58.41406482078;147;Femenino;Abierto;
00048250/19;201901;SALUD Y SERVICIOS SOCIALES;ENFERMEDADES TRANSMITIDAS POR MOSQUITOS;CRIADEROS DE MOSQUITOS;SOLICITUD;2019-01-11;07:51:23 p.m.;COMUNA 10;VERSALLES;PAZ, GRAL. AV.;10170.0;;-34.633701416365;-58.52934798955871;147;Masculino;Abierto;
00048417/19;201901;SALUD Y SERVICIOS SOCIALES;ENFERMEDADES TRANSMITIDAS POR MOSQUITOS;CRIADEROS DE MOSQUITOS;SOLICITUD;2019-01-11;08:32:41 p.m.;COMUNA 1;SAN NICOLÁS;SUIPACHA;463.0;;-34.6028826931644;-58.3794896064555;147;Femenino;Cerrado;2019-01-14
00055526/19;201901;SALUD Y SERVICIOS SOCIALES;ENFERMEDADES TRANSMITIDAS POR MOSQUITOS;CRIADEROS DE MOSQUITOS;SOLICITUD;2019-01-14;01:48:27 p.m.;COMUNA 11;VILLA SANTA RITA;BELAUSTEGUI, LUIS, DR.;3080.0;;-34.6176486153254;-58.4796376358241;App;Femenino;Abierto;
00055883/19;201901;SALUD Y SERVICIOS SOCIALES;ENFERMEDADES TRANSMITIDAS POR MOSQUITOS;CRIADEROS DE MOSQUITOS;SOLICITUD;2019-01-14;02:32:05 p.m.;COMUNA 7;FLORES;CURAPALIGUE;;COBO AV.;-34.6435752400525;-58.4414755333056;147;Femenino;Abierto;
00058367/19;201901;SALUD Y SERVICIOS SOCIALES;ENFERMEDADES TRANSMITIDAS POR MOSQUITOS;CRIADEROS DE MOSQUITOS;SOLICITUD;2019-01-14;08:24:48 p.m.;COMUNA 4;BOCA;LIBERTI, TOMAS;;HERNANDARIAS;-34.6316105817696;-58.369122587614406;147;Femenino;Abierto;
00059053/19;201901;SALUD Y SERVICIOS SOCIALES;ENFERMEDADES TRANSMITIDAS POR MOSQUITOS;CRIADEROS DE MOSQUITOS;SOLICITUD;2019-01-15;01:51:06 a.m.;COMUNA 5;ALMAGRO;SALGUERO, JERONIMO;836.0;;-34.600361490957;-58.4191831367836;App;Femenino;Abierto;
00061029/19;201901;SALUD Y SERVICIOS SOCIALES;ENFERMEDADES TRANSMITIDAS POR MOSQUITOS;CRIADEROS DE MOSQUITOS;SOLICITUD;2019-01-15;12:40:03 p.m.;COMUNA 13;BELGRANO;11 DE SEPTIEMBRE DE 1888;2741.0;;-34.5528190312446;-58.4560330859698;147;Femenino;Abierto;
00065579/19;201901;SALUD Y SERVICIOS SOCIALES;ENFERMEDADES TRANSMITIDAS POR MOSQUITOS;CRIADEROS DE MOSQUITOS;SOLICITUD;2019-01-16;10:23:49 a.m.;COMUNA 15;VILLA ORTÚZAR;BALLIVIAN;2119.0;;-34.5785276082059;-58.472590780942895;147;Femenino;Abierto;
00066122/19;201901;SALUD Y SERVICIOS SOCIALES;ENFERMEDADES TRANSMITIDAS POR MOSQUITOS;CRIADEROS DE MOSQUITOS;SOLICITUD;2019-01-16;11:32:44 a.m.;COMUNA 9;LINIERS;LARRAZABAL;;GARCIA DE COSSIO;-34.6433212510267;-58.5123280060614;147;Femenino;Abierto;
00066742/19;201901;SALUD Y SERVICIOS SOCIALES;ENFERMEDADES TRANSMITIDAS POR MOSQUITOS;CRIADEROS DE MOSQUITOS;SOLICITUD;2019-01-16;12:37:31 p.m.;COMUNA 12;SAAVEDRA;ACHA, MARIANO, GRAL.;4131.0;;-34.554916379255;-58.49124726940829;App;Otros;Abierto;
00067410/19;201901;SALUD Y SERVICIOS SOCIALES;ENFERMEDADES TRANSMITIDAS POR MOSQUITOS;CRIADEROS DE MOSQUITOS;SOLICITUD;2019-01-16;01:55:39 p.m.;COMUNA 9;MATADEROS;TAPALQUE;6045.0;;-34.655060358846896;-58.5024072888575;147;Femenino;Abierto;
00067485/19;201901;SALUD Y SERVICIOS SOCIALES;ENFERMEDADES TRANSMITIDAS POR MOSQUITOS;CRIADEROS DE MOSQUITOS;SOLICITUD;2019-01-16;02:04:34 p.m.;COMUNA 10;VILLA REAL;IRIGOYEN;;VARELA, JOSE PEDRO;-34.6196608551405;-58.5277939986267;147;Masculino;Abierto;
00067521/19;201901;SALUD Y SERVICIOS SOCIALES;ENFERMEDADES TRANSMITIDAS POR MOSQUITOS;CRIADEROS DE MOSQUITOS;SOLICITUD;2019-01-16;02:08:05 p.m.;COMUNA 9;MATADEROS;ALBARIÑO;1557.0;;-34.6524667298742;-58.4938487888665;147;Femenino;Abierto;
00068905/19;201901;SALUD Y SERVICIOS SOCIALES;ENFERMEDADES TRANSMITIDAS POR MOSQUITOS;CRIADEROS DE MOSQUITOS;SOLICITUD;2019-01-16;05:00:32 p.m.;COMUNA 5;ALMAGRO;GASCON;600.0;;-34.6045819215935;-58.4244028089087;147;Masculino;Abierto;
00069699/19;201901;SALUD Y SERVICIOS SOCIALES;ENFERMEDADES TRANSMITIDAS POR MOSQUITOS;CRIADEROS DE MOSQUITOS;SOLICITUD;2019-01-16;07:36:10 p.m.;COMUNA 9;MATADEROS;DIRECTORIO AV.;;DE LA TORRE, LISANDRO AV.;-34.660133288816;-58.5031089353694;147;;Abierto;
00070453/19;201901;SALUD Y SERVICIOS SOCIALES;ENFERMEDADES TRANSMITIDAS POR MOSQUITOS;CRIADEROS DE MOSQUITOS;SOLICITUD;2019-01-16;10:59:22 p.m.;COMUNA 3;BALVANERA;MITRE, BARTOLOME;;PASTEUR;-34.608465433105195;-58.39921694976911;147;Masculino;Cerrado;2019-01-28
00071950/19;201901;SALUD Y SERVICIOS SOCIALES;ENFERMEDADES TRANSMITIDAS POR MOSQUITOS;CRIADEROS DE MOSQUITOS;SOLICITUD;2019-01-17;10:53:43 a.m.;COMUNA 13;BELGRANO;OLAZABAL;1457.0;;-34.5545130799575;-58.448853038555605;147;Femenino;Abierto;
00072379/19;201901;SALUD Y SERVICIOS SOCIALES;ENFERMEDADES TRANSMITIDAS POR MOSQUITOS;CRIADEROS DE MOSQUITOS;SOLICITUD;2019-01-17;11:42:49 a.m.;COMUNA 9;MATADEROS;LAFERRERE, GREGORIO DE;6797.0;;-34.6677850575212;-58.4982925787487;147;Femenino;Abierto;
00072484/19;201901;SALUD Y SERVICIOS SOCIALES;ENFERMEDADES TRANSMITIDAS POR MOSQUITOS;CRIADEROS DE MOSQUITOS;SOLICITUD;2019-01-17;11:59:01 a.m.;COMUNA 4;BOCA;RODRIGUEZ, MARTIN;;ARZOBISPO ESPINOSA;-34.6308708895494;-58.3650231015298;147;;Abierto;
00072939/19;201901;SALUD Y SERVICIOS SOCIALES;ENFERMEDADES TRANSMITIDAS POR MOSQUITOS;CRIADEROS DE MOSQUITOS;SOLICITUD;2019-01-17;12:49:36 p.m.;COMUNA 15;VILLA CRESPO;MURILLO;1070.0;;-34.597537947073604;-58.4472758842597;147;Femenino;Abierto;
00085376/19;201901;SALUD Y SERVICIOS SOCIALES;ENFERMEDADES TRANSMITIDAS POR MOSQUITOS;CRIADEROS DE MOSQUITOS;SOLICITUD;2019-01-21;08:52:28 a.m.;COMUNA 10;FLORESTA;BARADERO;351.0;;-34.6366878888264;-58.47617111766829;147;Femenino;Abierto;
00087973/19;201901;SALUD Y SERVICIOS SOCIALES;ENFERMEDADES TRANSMITIDAS POR MOSQUITOS;CRIADEROS DE MOSQUITOS;SOLICITUD;2019-01-21;01:57:03 p.m.;COMUNA 12;VILLA URQUIZA;ROOSEVELT FRANKLIN D.;3982.0;;-34.5667006004183;-58.475850857779896;;Femenino;Abierto;
00088739/19;201901;SALUD Y SERVICIOS SOCIALES;ENFERMEDADES TRANSMITIDAS POR MOSQUITOS;CRIADEROS DE MOSQUITOS;SOLICITUD;2019-01-21;03:23:56 p.m.;COMUNA 8;VILLA RIACHUELO;PIEDRA BUENA AV.;;BERON DE ASTRADA;-34.692982602533604;-58.4681880478358;147;Masculino;Abierto;
00090432/19;201901;SALUD Y SERVICIOS SOCIALES;ENFERMEDADES TRANSMITIDAS POR MOSQUITOS;CRIADEROS DE MOSQUITOS;SOLICITUD;2019-01-21;07:51:25 p.m.;COMUNA 1;SAN TELMO;PERU;1062.0;;-34.6203394615099;-58.3742055578384;147;Femenino;Abierto;
00093225/19;201901;SALUD Y SERVICIOS SOCIALES;ENFERMEDADES TRANSMITIDAS POR MOSQUITOS;CRIADEROS DE MOSQUITOS;SOLICITUD;2019-01-22;11:43:55 a.m.;COMUNA 10;VILLA LURO;GONZALEZ, ELPIDIO;5227.0;;-34.6271241823296;-58.508719950364;147;Masculino;Abierto;
00099793/19;201901;SALUD Y SERVICIOS SOCIALES;ENFERMEDADES TRANSMITIDAS POR MOSQUITOS;CRIADEROS DE MOSQUITOS;SOLICITUD;2019-01-23;01:26:18 p.m.;COMUNA 11;VILLA DEVOTO;CUENCA;3615.0;;-34.596497137941604;-58.499009350364894;147;Femenino;Abierto;
00102106/19;201901;SALUD Y SERVICIOS SOCIALES;ENFERMEDADES TRANSMITIDAS POR MOSQUITOS;CRIADEROS DE MOSQUITOS;SOLICITUD;2019-01-23;07:45:12 p.m.;COMUNA 4;NUEVA POMPEYA;QUILMES;351.0;;-34.6435812337983;-58.41755696290711;147;Femenino;Abierto;
00104562/19;201901;SALUD Y SERVICIOS SOCIALES;ENFERMEDADES TRANSMITIDAS POR MOSQUITOS;CRIADEROS DE MOSQUITOS;SOLICITUD;2019-01-24;11:19:51 a.m.;COMUNA 9;MATADEROS;SUAREZ, JUSTO ANTONIO;6640.0;;-34.6658235654045;-58.4983572122224;147;Masculino;Abierto;
00106967/19;201901;SALUD Y SERVICIOS SOCIALES;ENFERMEDADES TRANSMITIDAS POR MOSQUITOS;CRIADEROS DE MOSQUITOS;SOLICITUD;2019-01-24;05:28:41 p.m.;COMUNA 5;ALMAGRO;DIAZ VELEZ AV.;;BILLINGHURST;-34.6085362211425;-58.41607168787579;147;Femenino;Abierto;
00109929/19;201901;SALUD Y SERVICIOS SOCIALES;ENFERMEDADES TRANSMITIDAS POR MOSQUITOS;CRIADEROS DE MOSQUITOS;SOLICITUD;2019-01-25;11:48:25 a.m.;COMUNA 4;NUEVA POMPEYA;CRUZ, OSVALDO;3895.0;;-34.656505333014195;-58.4040888091559;;Femenino;Cerrado;2019-01-28
00110219/19;201901;SALUD Y SERVICIOS SOCIALES;ENFERMEDADES TRANSMITIDAS POR MOSQUITOS;CRIADEROS DE MOSQUITOS;SOLICITUD;2019-01-25;12:32:18 p.m.;COMUNA 11;VILLA SANTA RITA;TERRADA;1544.0;;-34.6154315006315;-58.47651237367929;147;Masculino;Abierto;
00114054/19;201901;SALUD Y SERVICIOS SOCIALES;ENFERMEDADES TRANSMITIDAS POR MOSQUITOS;CRIADEROS DE MOSQUITOS;SOLICITUD;2019-01-26;01:27:17 p.m.;COMUNA 6;CABALLITO;ARENGREEN;670.0;;-34.6106799078578;-58.4422146107475;;Femenino;Abierto;
00115968/19;201901;SALUD Y SERVICIOS SOCIALES;ENFERMEDADES TRANSMITIDAS POR MOSQUITOS;CRIADEROS DE MOSQUITOS;SOLICITUD;2019-01-27;09:16:25 p.m.;COMUNA 11;VILLA DEL PARQUE;SAN NICOLAS;2505.0;;-34.6092885036116;-58.4983617785019;Comunas;Masculino;Abierto;
00116386/19;201901;SALUD Y SERVICIOS SOCIALES;ENFERMEDADES TRANSMITIDAS POR MOSQUITOS;CRIADEROS DE MOSQUITOS;SOLICITUD;2019-01-28;08:14:24 a.m.;COMUNA 7;PARQUE CHACABUCO;THOMPSON;826.0;;-34.6291673099632;-58.43843684142311;147;Femenino;Abierto;
00119816/19;201901;SALUD Y SERVICIOS SOCIALES;ENFERMEDADES TRANSMITIDAS POR MOSQUITOS;CRIADEROS DE MOSQUITOS;SOLICITUD;2019-01-28;03:16:10 p.m.;COMUNA 5;ALMAGRO;BILLINGHURST;241.0;;-34.6079322817695;-58.416104736183904;147;Masculino;Abierto;
00121724/19;201901;SALUD Y SERVICIOS SOCIALES;ENFERMEDADES TRANSMITIDAS POR MOSQUITOS;CRIADEROS DE MOSQUITOS;SOLICITUD;2019-01-28;08:55:42 p.m.;COMUNA 7;FLORES;SAN PEDRITO;;BALBASTRO;-34.6472908014239;-58.455904873259705;147;Femenino;Cerrado;2019-01-29
00126330/19;201901;SALUD Y SERVICIOS SOCIALES;ENFERMEDADES TRANSMITIDAS POR MOSQUITOS;CRIADEROS DE MOSQUITOS;SOLICITUD;2019-01-29;05:19:04 p.m.;COMUNA 6;CABALLITO;PUJOL;923.0;;-34.6118979037494;-58.44982434237311;Comunas;Masculino;Abierto;
00126993/19;201901;SALUD Y SERVICIOS SOCIALES;ENFERMEDADES TRANSMITIDAS POR MOSQUITOS;CRIADEROS DE MOSQUITOS;SOLICITUD;2019-01-29;07:17:58 p.m.;COMUNA 5;ALMAGRO;LINIERS VIRREY;520.0;;-34.6169817753502;-58.4141588274768;147;Femenino;Abierto;
00132824/19;201902;SALUD Y SERVICIOS SOCIALES;ENFERMEDADES TRANSMITIDAS POR MOSQUITOS;CRIADEROS DE MOSQUITOS;SOLICITUD;2019-02-02;11:03:08 a.m.;COMUNA 4;PARQUE PATRICIOS;CASTILLO, CATULO;;LUCA, ESTEBAN DE;-34.6335790336266;-58.4028727862457;;Masculino;Abierto;
00132825/19;201902;SALUD Y SERVICIOS SOCIALES;ENFERMEDADES TRANSMITIDAS POR MOSQUITOS;CRIADEROS DE MOSQUITOS;SOLICITUD;2019-02-02;11:05:25 a.m.;COMUNA 7;FLORES;QUIRNO;12.0;;-34.6313663541934;-58.47103722660309;;Femenino;Cerrado;2019-02-04
00137151/19;201902;SALUD Y SERVICIOS SOCIALES;ENFERMEDADES TRANSMITIDAS POR MOSQUITOS;CRIADEROS DE MOSQUITOS;SOLICITUD;2019-02-04;09:40:23 a.m.;COMUNA 15;AGRONOMÍA;MORAN, PEDRO;3057.0;;-34.5941085092449;-58.4985189043259;147;Femenino;Abierto;
00137545/19;201902;SALUD Y SERVICIOS SOCIALES;ENFERMEDADES TRANSMITIDAS POR MOSQUITOS;CRIADEROS DE MOSQUITOS;SOLICITUD;2019-02-04;10:17:52 a.m.;COMUNA 9;MATADEROS;YRUPE;6836.0;;-34.6684880684194;-58.4986070835884;App;Masculino;Abierto;
00139844/19;201902;SALUD Y SERVICIOS SOCIALES;ENFERMEDADES TRANSMITIDAS POR MOSQUITOS;CRIADEROS DE MOSQUITOS;SOLICITUD;2019-02-04;01:33:31 p.m.;COMUNA 1;RETIRO;SAN MARTIN;;ALVEAR, MARCELO T. DE;-34.596235558403;-58.3743294060143;147;Masculino;Abierto;
00145476/19;201902;SALUD Y SERVICIOS SOCIALES;ENFERMEDADES TRANSMITIDAS POR MOSQUITOS;CRIADEROS DE MOSQUITOS;SOLICITUD;2019-02-05;10:45:37 a.m.;COMUNA 13;BELGRANO;ECHEVERRIA;3639.0;;-34.5702707996466;-58.4681786761588;147;Femenino;Cerrado;2019-02-06
00153212/19;201902;SALUD Y SERVICIOS SOCIALES;ENFERMEDADES TRANSMITIDAS POR MOSQUITOS;CRIADEROS DE MOSQUITOS;SOLICITUD;2019-02-06;12:23:29 p.m.;COMUNA 1;CONSTITUCIÓN;COCHABAMBA;958.0;;-34.6237053040833;-58.3792069771128;147;Femenino;Abierto;
00153681/19;201902;SALUD Y SERVICIOS SOCIALES;ENFERMEDADES TRANSMITIDAS POR MOSQUITOS;CRIADEROS DE MOSQUITOS;SOLICITUD;2019-02-06;01:20:54 p.m.;COMUNA 4;NUEVA POMPEYA;SAENZ AV.;871.0;;-34.6503513534581;-58.4164733856091;147;Femenino;Abierto;
00157598/19;201902;SALUD Y SERVICIOS SOCIALES;ENFERMEDADES TRANSMITIDAS POR MOSQUITOS;CRIADEROS DE MOSQUITOS;SOLICITUD;2019-02-07;08:58:24 a.m.;COMUNA 7;PARQUE CHACABUCO;PUMACAHUA;1258.0;;-34.6385598178581;-58.44773696191461;147;Femenino;Abierto;
00157644/19;201902;SALUD Y SERVICIOS SOCIALES;ENFERMEDADES TRANSMITIDAS POR MOSQUITOS;CRIADEROS DE MOSQUITOS;SOLICITUD;2019-02-07;09:04:35 a.m.;COMUNA 11;VILLA DEL PARQUE;CONDARCO;3131.0;;-34.5990237860959;-58.4882980655245;147;Femenino;Abierto;
00157951/19;201902;SALUD Y SERVICIOS SOCIALES;ENFERMEDADES TRANSMITIDAS POR MOSQUITOS;CRIADEROS DE MOSQUITOS;SOLICITUD;2019-02-07;09:45:31 a.m.;COMUNA 14;PALERMO;BERUTI;3837.0;;-34.5836744733067;-58.4147887818404;147;Femenino;Abierto;
00165061/19;201902;SALUD Y SERVICIOS SOCIALES;ENFERMEDADES TRANSMITIDAS POR MOSQUITOS;CRIADEROS DE MOSQUITOS;SOLICITUD;2019-02-08;11:35:35 a.m.;COMUNA 1;MONSERRAT;PASEO COLON AV.;;REPUBLICA BOLIVARIANA DE VENEZUELA;-34.6135843207354;-58.369524549409;147;Femenino;Cerrado;2019-02-12
00168128/19;201902;SALUD Y SERVICIOS SOCIALES;ENFERMEDADES TRANSMITIDAS POR MOSQUITOS;CRIADEROS DE MOSQUITOS;SOLICITUD;2019-02-08;07:10:16 p.m.;COMUNA 15;VILLA CRESPO;LOYOLA;1200.0;;-34.5906319822866;-58.440584698138295;147;Femenino;Abierto;
00168387/19;201902;SALUD Y SERVICIOS SOCIALES;ENFERMEDADES TRANSMITIDAS POR MOSQUITOS;CRIADEROS DE MOSQUITOS;SOLICITUD;2019-02-08;08:19:02 p.m.;COMUNA 14;PALERMO;ACUÑA DE FIGUEROA, FRANCISCO;1675.0;;-34.591969775611;-58.420680877257205;Comunas;Masculino;Cerrado;2019-02-12
00168523/19;201902;SALUD Y SERVICIOS SOCIALES;ENFERMEDADES TRANSMITIDAS POR MOSQUITOS;CRIADEROS DE MOSQUITOS;SOLICITUD;2019-02-08;08:57:57 p.m.;COMUNA 3;BALVANERA;DIAZ VELEZ AV.;3400.0;;-34.6081840622635;-58.4145346842908;147;Femenino;Abierto;
00169207/19;201902;SALUD Y SERVICIOS SOCIALES;ENFERMEDADES TRANSMITIDAS POR MOSQUITOS;CRIADEROS DE MOSQUITOS;SOLICITUD;2019-02-09;10:23:05 a.m.;COMUNA 10;VÉLEZ SARSFIELD;CERVANTES;607.0;;-34.6314819439011;-58.4965946565991;147;Femenino;Abierto;
00173946/19;201902;SALUD Y SERVICIOS SOCIALES;ENFERMEDADES TRANSMITIDAS POR MOSQUITOS;CRIADEROS DE MOSQUITOS;SOLICITUD;2019-02-11;12:03:25 p.m.;COMUNA 11;VILLA DEVOTO;SIMBRON;4570.0;;-34.609796995310894;-58.513569694122495;147;Femenino;Abierto;
00177064/19;201902;SALUD Y SERVICIOS SOCIALES;ENFERMEDADES TRANSMITIDAS POR MOSQUITOS;CRIADEROS DE MOSQUITOS;SOLICITUD;2019-02-11;06:51:36 p.m.;COMUNA 15;VILLA CRESPO;WARNES AV.;285.0;;-34.6027471823649;-58.440995654655104;147;Femenino;Abierto;
00183167/19;201902;SALUD Y SERVICIOS SOCIALES;ENFERMEDADES TRANSMITIDAS POR MOSQUITOS;CRIADEROS DE MOSQUITOS;SOLICITUD;2019-02-12;06:30:27 p.m.;COMUNA 11;VILLA DEVOTO;MELINCUE;4042.0;;-34.6085658604962;-58.50326092307671;147;Femenino;Abierto;
00183695/19;201902;SALUD Y SERVICIOS SOCIALES;ENFERMEDADES TRANSMITIDAS POR MOSQUITOS;CRIADEROS DE MOSQUITOS;SOLICITUD;2019-02-12;07:55:10 p.m.;COMUNA 15;PARQUE CHAS;CONSTANTINOPLA;3029.0;;-34.5848814802323;-58.4826197554838;147;Femenino;Abierto;
00186188/19;201902;SALUD Y SERVICIOS SOCIALES;ENFERMEDADES TRANSMITIDAS POR MOSQUITOS;CRIADEROS DE MOSQUITOS;SOLICITUD;2019-02-13;11:31:18 a.m.;COMUNA 12;SAAVEDRA;ZAPIOLA;4365.0;;-34.5461838266973;-58.4780941318605;147;Femenino;Abierto;
00188458/19;201902;SALUD Y SERVICIOS SOCIALES;ENFERMEDADES TRANSMITIDAS POR MOSQUITOS;CRIADEROS DE MOSQUITOS;SOLICITUD;2019-02-13;04:41:44 p.m.;COMUNA 11;VILLA SANTA RITA;SAN BLAS;2976.0;;-34.611915198425606;-58.482290214600106;147;Masculino;Abierto;
00188620/19;201902;SALUD Y SERVICIOS SOCIALES;ENFERMEDADES TRANSMITIDAS POR MOSQUITOS;CRIADEROS DE MOSQUITOS;SOLICITUD;2019-02-13;05:05:05 p.m.;COMUNA 12;VILLA URQUIZA;MONROE;4601.0;;-34.5711439919642;-58.481040825944206;App;Femenino;Abierto;
00192306/19;201902;SALUD Y SERVICIOS SOCIALES;ENFERMEDADES TRANSMITIDAS POR MOSQUITOS;CRIADEROS DE MOSQUITOS;SOLICITUD;2019-02-14;01:38:13 p.m.;COMUNA 5;BOEDO;INDEPENDENCIA AV.;4154.0;;-34.6216818961196;-58.4244929675093;App;Masculino;Abierto;
00199989/19;201902;SALUD Y SERVICIOS SOCIALES;ENFERMEDADES TRANSMITIDAS POR MOSQUITOS;CRIADEROS DE MOSQUITOS;SOLICITUD;2019-02-15;07:55:40 p.m.;COMUNA 11;VILLA DEVOTO;LAMARCA, EMILIO;3486.0;;-34.6004528565113;-58.5038925733493;147;Masculino;Abierto;
00235466/19;201902;SALUD Y SERVICIOS SOCIALES;ENFERMEDADES TRANSMITIDAS POR MOSQUITOS;CRIADEROS DE MOSQUITOS;SOLICITUD;2019-02-25;09:42:32 a.m.;COMUNA 3;BALVANERA;YRIGOYEN, HIPOLITO;3250.0;;-34.6123568530585;-58.412602467570494;147;Femenino;Abierto;
00245908/19;201902;SALUD Y SERVICIOS SOCIALES;ENFERMEDADES TRANSMITIDAS POR MOSQUITOS;CRIADEROS DE MOSQUITOS;SOLICITUD;2019-02-26;06:22:26 p.m.;COMUNA 2;RECOLETA;ALVEAR, MARCELO T. DE;2297.0;;-34.5967474138162;-58.4001089029899;147;Femenino;Abierto;
00246233/19;201902;SALUD Y SERVICIOS SOCIALES;ENFERMEDADES TRANSMITIDAS POR MOSQUITOS;CRIADEROS DE MOSQUITOS;SOLICITUD;2019-02-26;07:06:02 p.m.;COMUNA 11;VILLA DEVOTO;QUEVEDO;;MORAN, PEDRO;-34.6086124551614;-58.5218208587312;147;Femenino;Abierto;
00257128/19;201902;SALUD Y SERVICIOS SOCIALES;ENFERMEDADES TRANSMITIDAS POR MOSQUITOS;CRIADEROS DE MOSQUITOS;SOLICITUD;2019-02-28;03:58:19 p.m.;COMUNA 1;SAN TELMO;PERU;1050.0;;-34.6202493196739;-58.3742056541669;147;Femenino;Abierto;
00271289/19;201903;SALUD Y SERVICIOS SOCIALES;ENFERMEDADES TRANSMITIDAS POR MOSQUITOS;CRIADEROS DE MOSQUITOS;SOLICITUD;2019-03-05;01:18:54 p.m.;COMUNA 12;COGHLAN;TAMBORINI, JOSE PASCUAL;;CONDE;-34.557506199403704;-58.4741214449687;147;Femenino;Abierto;
00272856/19;201903;SALUD Y SERVICIOS SOCIALES;ENFERMEDADES TRANSMITIDAS POR MOSQUITOS;CRIADEROS DE MOSQUITOS;SOLICITUD;2019-03-06;05:33:50 a.m.;COMUNA 6;CABALLITO;BACACAY;939.0;;-34.6184232318582;-58.4429431864804;Comunas;Masculino;Cerrado;2019-03-06
00280172/19;201903;SALUD Y SERVICIOS SOCIALES;ENFERMEDADES TRANSMITIDAS POR MOSQUITOS;CRIADEROS DE MOSQUITOS;SOLICITUD;2019-03-07;08:27:24 a.m.;COMUNA 10;FLORESTA;MERCEDES;1300.0;;-34.622604350202;-58.4910932961332;147;Masculino;Cerrado;2019-03-08
00303814/19;201903;SALUD Y SERVICIOS SOCIALES;ENFERMEDADES TRANSMITIDAS POR MOSQUITOS;CRIADEROS DE MOSQUITOS;SOLICITUD;2019-03-12;01:17:07 a.m.;COMUNA 4;BOCA;OLAVARRIA;577.0;;-34.6371287979593;-58.3609696207391;Comunas;Femenino;Abierto;
00306356/19;201903;SALUD Y SERVICIOS SOCIALES;ENFERMEDADES TRANSMITIDAS POR MOSQUITOS;CRIADEROS DE MOSQUITOS;SOLICITUD;2019-03-12;01:27:32 p.m.;COMUNA 15;AGRONOMÍA;NAVARRO;3090.0;;-34.5957494409;-58.497315088870494;147;Femenino;Abierto;
00316829/19;201903;SALUD Y SERVICIOS SOCIALES;ENFERMEDADES TRANSMITIDAS POR MOSQUITOS;CRIADEROS DE MOSQUITOS;SOLICITUD;2019-03-14;08:26:00 a.m.;COMUNA 4;BOCA;RODRIGUEZ, MARTIN;995.0;;-34.636514171135694;-58.3600651900884;Comunas;Femenino;Abierto;
00326834/19;201903;SALUD Y SERVICIOS SOCIALES;ENFERMEDADES TRANSMITIDAS POR MOSQUITOS;CRIADEROS DE MOSQUITOS;SOLICITUD;2019-03-15;05:06:03 p.m.;COMUNA 10;VÉLEZ SARSFIELD;OLIVIERI;;YERBAL;-34.635096145956204;-58.4913417490826;147;Femenino;Abierto;
00333712/19;201903;SALUD Y SERVICIOS SOCIALES;ENFERMEDADES TRANSMITIDAS POR MOSQUITOS;CRIADEROS DE MOSQUITOS;SOLICITUD;2019-03-18;10:02:21 a.m.;COMUNA 15;AGRONOMÍA;NAZCA;3800.0;;-34.592892210198606;-58.4962914900872;147;Femenino;Abierto;
00339839/19;201903;SALUD Y SERVICIOS SOCIALES;ENFERMEDADES TRANSMITIDAS POR MOSQUITOS;CRIADEROS DE MOSQUITOS;SOLICITUD;2019-03-19;08:48:47 a.m.;COMUNA 7;FLORES;QUIRNO;;BILBAO, FRANCISCO AV.;-34.6399750694232;-58.467254627536605;Comunas;Femenino;Abierto;
00344490/19;201903;SALUD Y SERVICIOS SOCIALES;ENFERMEDADES TRANSMITIDAS POR MOSQUITOS;CRIADEROS DE MOSQUITOS;SOLICITUD;2019-03-19;07:55:28 p.m.;COMUNA 9;PARQUE AVELLANEDA;BILBAO, FRANCISCO AV.;3600.0;;-34.6426466804602;-58.471125527446496;147;Femenino;Abierto;
00361052/19;201903;SALUD Y SERVICIOS SOCIALES;ENFERMEDADES TRANSMITIDAS POR MOSQUITOS;CRIADEROS DE MOSQUITOS;SOLICITUD;2019-03-22;02:45:29 p.m.;COMUNA 4;NUEVA POMPEYA;GUARANI;400.0;;-34.6434467883643;-58.414873973304005;147;Femenino;Abierto;
00388275/19;201903;SALUD Y SERVICIOS SOCIALES;ENFERMEDADES TRANSMITIDAS POR MOSQUITOS;CRIADEROS DE MOSQUITOS;SOLICITUD;2019-03-28;09:37:35 a.m.;COMUNA 11;VILLA DEL PARQUE;TERRERO;3220.0;;-34.6030546347066;-58.4794570831886;147;Femenino;Cerrado;2019-03-29
00409294/19;201904;SALUD Y SERVICIOS SOCIALES;ENFERMEDADES TRANSMITIDAS POR MOSQUITOS;CRIADEROS DE MOSQUITOS;SOLICITUD;2019-04-01;05:48:53 p.m.;COMUNA 15;CHACARITA;MAURE;3824.0;;-34.5846119483937;-58.45086416003329;147;Femenino;Abierto;
00413613/19;201904;SALUD Y SERVICIOS SOCIALES;ENFERMEDADES TRANSMITIDAS POR MOSQUITOS;INFORMACIÓN SOBRE ENFERMEDADES TRANSMITIDAS POR MOSQUITOS;SOLICITUD;2019-04-02;11:57:00 p.m.;COMUNA 14;PALERMO;MEDRANO;1717.0;;-34.5898595673949;-58.4182404096476;Comunas;Masculino;Cerrado;2019-04-08
00432877/19;201904;SALUD Y SERVICIOS SOCIALES;ENFERMEDADES TRANSMITIDAS POR MOSQUITOS;CRIADEROS DE MOSQUITOS;SOLICITUD;2019-04-05;09:36:22 a.m.;COMUNA 11;VILLA DEL PARQUE;TERRADA;3220.0;;-34.598166942494004;-58.49059461598311;App;Femenino;Cerrado;2019-04-08
00438135/19;201904;SALUD Y SERVICIOS SOCIALES;ENFERMEDADES TRANSMITIDAS POR MOSQUITOS;CRIADEROS DE MOSQUITOS;SOLICITUD;2019-04-05;08:00:31 p.m.;COMUNA 6;CABALLITO;GUAYAQUIL;474.0;;-34.6203867712533;-58.435124721693896;147;Masculino;Abierto;
00439468/19;201904;SALUD Y SERVICIOS SOCIALES;ENFERMEDADES TRANSMITIDAS POR MOSQUITOS;CRIADEROS DE MOSQUITOS;SOLICITUD;2019-04-06;11:30:16 a.m.;COMUNA 2;RECOLETA;MANSILLA, LUCIO NORBERTO, GENERAL;2525.0;;-34.596388542602504;-58.4034774622068;147;;Abierto;
00445422/19;201904;SALUD Y SERVICIOS SOCIALES;ENFERMEDADES TRANSMITIDAS POR MOSQUITOS;CRIADEROS DE MOSQUITOS;SOLICITUD;2019-04-08;11:59:59 a.m.;COMUNA 15;CHACARITA;CHARLONE;730.0;;-34.5819980897113;-58.4539270924154;147;Femenino;Abierto;
00452600/19;201904;SALUD Y SERVICIOS SOCIALES;ENFERMEDADES TRANSMITIDAS POR MOSQUITOS;CRIADEROS DE MOSQUITOS;SOLICITUD;2019-04-09;12:13:28 p.m.;COMUNA 9;PARQUE AVELLANEDA;MORETO;1385.0;;-34.6500013311224;-58.4800584697085;147;Femenino;Abierto;
00452624/19;201904;SALUD Y SERVICIOS SOCIALES;ENFERMEDADES TRANSMITIDAS POR MOSQUITOS;CRIADEROS DE MOSQUITOS;SOLICITUD;2019-04-09;12:15:37 p.m.;COMUNA 9;PARQUE AVELLANEDA;LACARRA AV.;1307.0;;-34.646835425420896;-58.4729954162457;147;Femenino;Abierto;
00452654/19;201904;SALUD Y SERVICIOS SOCIALES;ENFERMEDADES TRANSMITIDAS POR MOSQUITOS;CRIADEROS DE MOSQUITOS;SOLICITUD;2019-04-09;12:18:28 p.m.;COMUNA 13;COLEGIALES;LACROZE, FEDERICO AV.;3253.0;;-34.5784370723314;-58.449797049751;147;Femenino;Abierto;
00505968/19;201904;SALUD Y SERVICIOS SOCIALES;ENFERMEDADES TRANSMITIDAS POR MOSQUITOS;CRIADEROS DE MOSQUITOS;SOLICITUD;2019-04-20;01:03:57 p.m.;COMUNA 7;PARQUE CHACABUCO;ASAMBLEA AV.;1200.0;;-34.6359195543844;-58.441728371592;147;Masculino;Abierto;
00507045/19;201904;SALUD Y SERVICIOS SOCIALES;ENFERMEDADES TRANSMITIDAS POR MOSQUITOS;CRIADEROS DE MOSQUITOS;SOLICITUD;2019-04-21;03:19:50 a.m.;COMUNA 11;VILLA DEL PARQUE;EMPEDRADO;2592.0;;-34.6027386552538;-58.4827579775284;Comunas;Femenino;Cerrado;2019-04-22
00515497/19;201904;SALUD Y SERVICIOS SOCIALES;ENFERMEDADES TRANSMITIDAS POR MOSQUITOS;CRIADEROS DE MOSQUITOS;SOLICITUD;2019-04-23;09:06:07 a.m.;COMUNA 5;BOEDO;CONSTITUCION;4042.0;;-34.6287750612898;-58.42146902391229;Comunas;Femenino;Abierto;
00516755/19;201904;SALUD Y SERVICIOS SOCIALES;ENFERMEDADES TRANSMITIDAS POR MOSQUITOS;CRIADEROS DE MOSQUITOS;SOLICITUD;2019-04-23;11:40:56 a.m.;COMUNA 4;NUEVA POMPEYA;BARCO CENTENERA DEL;3570.0;;-34.6563063331398;-58.4170918181368;147;Femenino;Abierto;
00539095/19;201904;SALUD Y SERVICIOS SOCIALES;ENFERMEDADES TRANSMITIDAS POR MOSQUITOS;CRIADEROS DE MOSQUITOS;SOLICITUD;2019-04-27;02:24:04 p.m.;COMUNA 15;VILLA CRESPO;THAMES;282.0;;-34.597294368595;-58.445858836515896;147;Femenino;Abierto;
00548341/19;201904;SALUD Y SERVICIOS SOCIALES;ENFERMEDADES TRANSMITIDAS POR MOSQUITOS;CRIADEROS DE MOSQUITOS;SOLICITUD;2019-04-29;07:29:52 p.m.;COMUNA 9;PARQUE AVELLANEDA;MOZART;1220.0;;-34.6492437613704;-58.4826335832479;App;Masculino;Abierto;
00563970/19;201905;SALUD Y SERVICIOS SOCIALES;ENFERMEDADES TRANSMITIDAS POR MOSQUITOS;CRIADEROS DE MOSQUITOS;SOLICITUD;2019-05-03;08:03:01 a.m.;COMUNA 11;VILLA DEVOTO;LAMARCA, EMILIO;3620.0;;-34.5997405161936;-58.5045386588038;147;Femenino;Abierto;
00570348/19;201905;SALUD Y SERVICIOS SOCIALES;ENFERMEDADES TRANSMITIDAS POR MOSQUITOS;CRIADEROS DE MOSQUITOS;SOLICITUD;2019-05-03;03:05:48 p.m.;COMUNA 9;MATADEROS;ARTIGAS MANUEL DE;5552.0;;-34.647214331083305;-58.4998676675078;147;;Cerrado;2019-05-06
00571730/19;201905;SALUD Y SERVICIOS SOCIALES;ENFERMEDADES TRANSMITIDAS POR MOSQUITOS;CRIADEROS DE MOSQUITOS;SOLICITUD;2019-05-03;05:16:49 p.m.;COMUNA 15;VILLA ORTÚZAR;LUGONES;1700.0;;-34.577725246859195;-58.4737349997324;147;Femenino;Abierto;
00584190/19;201905;SALUD Y SERVICIOS SOCIALES;ENFERMEDADES TRANSMITIDAS POR MOSQUITOS;CRIADEROS DE MOSQUITOS;SOLICITUD;2019-05-06;04:07:31 p.m.;COMUNA 7;FLORES;REMEDIOS;3137.0;;-34.6385714586174;-58.4697247982134;147;Femenino;Cerrado;2019-05-07
00606463/19;201905;SALUD Y SERVICIOS SOCIALES;ENFERMEDADES TRANSMITIDAS POR MOSQUITOS;CRIADEROS DE MOSQUITOS;SOLICITUD;2019-05-09;10:34:34 p.m.;COMUNA 3;SAN CRISTÓBAL;COMBATE DE LOS POZOS;1309.0;;-34.6242096686097;-58.392749536999;Comunas;Masculino;Abierto;
00622335/19;201905;SALUD Y SERVICIOS SOCIALES;ENFERMEDADES TRANSMITIDAS POR MOSQUITOS;CRIADEROS DE MOSQUITOS;SOLICITUD;2019-05-13;06:38:26 p.m.;COMUNA 3;BALVANERA;RINCON;263.0;;-34.6125111926625;-58.39620469225429;147;;Abierto;
00642756/19;201905;SALUD Y SERVICIOS SOCIALES;ENFERMEDADES TRANSMITIDAS POR MOSQUITOS;CRIADEROS DE MOSQUITOS;SOLICITUD;2019-05-16;07:49:03 p.m.;COMUNA 7;FLORES;NEUQUEN;1881.0;;-34.616126249900496;-58.4594838840322;147;Femenino;Abierto;
00793862/19;201906;SALUD Y SERVICIOS SOCIALES;ENFERMEDADES TRANSMITIDAS POR MOSQUITOS;CRIADEROS DE MOSQUITOS;SOLICITUD;2019-06-11;02:45:20 p.m.;COMUNA 4;PARQUE PATRICIOS;USPALLATA;3157.0;;-34.6402840201456;-58.4071650241107;Comunas;Femenino;Cerrado;2019-06-12
00905968/19;201907;SALUD Y SERVICIOS SOCIALES;ENFERMEDADES TRANSMITIDAS POR MOSQUITOS;CRIADEROS DE MOSQUITOS;SOLICITUD;2019-07-03;01:32:01 p.m.;COMUNA 2;RECOLETA;ALVEAR, MARCELO T. DE;2295.0;;-34.5967474138162;-58.4001089029899;147;Femenino;Abierto;
00943852/19;201907;SALUD Y SERVICIOS SOCIALES;ENFERMEDADES TRANSMITIDAS POR MOSQUITOS;CRIADEROS DE MOSQUITOS;SOLICITUD;2019-07-11;03:07:39 p.m.;COMUNA 12;SAAVEDRA;ZAPIOLA;3620.0;;-34.5522147622581;-58.47464915983271;147;Masculino;Cerrado;2019-07-12
01035275/19;201907;SALUD Y SERVICIOS SOCIALES;ENFERMEDADES TRANSMITIDAS POR MOSQUITOS;CRIADEROS DE MOSQUITOS;SOLICITUD;2019-07-29;03:29:31 p.m.;COMUNA 3;BALVANERA;PASO;;VIAMONTE;-34.600967751203896;-58.4034414754228;147;Masculino;Abierto;
01071329/19;201908;SALUD Y SERVICIOS SOCIALES;ENFERMEDADES TRANSMITIDAS POR MOSQUITOS;CRIADEROS DE MOSQUITOS;SOLICITUD;2019-08-05;06:44:28 p.m.;COMUNA 13;NUÑEZ;GRECIA;3540.0;;-34.5470771383291;-58.4628969155155;147;Femenino;Abierto;
01108558/19;201908;SALUD Y SERVICIOS SOCIALES;ENFERMEDADES TRANSMITIDAS POR MOSQUITOS;INSCRIPCIÓN COMO MULTIPLICADOR VOLUNTARIO DE SALUD;SOLICITUD;2019-08-13;08:30:17 a.m.;COMUNA 15;PARQUE CHAS;COMBATIENTES DE MALVINAS AV.;3002.0;;-34.5873076052146;-58.4708925380128;App;Femenino;Cerrado;2019-08-14
01110821/19;201908;SALUD Y SERVICIOS SOCIALES;ENFERMEDADES TRANSMITIDAS POR MOSQUITOS;CRIADEROS DE MOSQUITOS;SOLICITUD;2019-08-13;01:28:03 p.m.;COMUNA 9;LINIERS;LEGUIZAMON, MARTINIANO;63.0;;-34.6398133617041;-58.5196931377298;147;Femenino;Abierto;
01169427/19;201908;SALUD Y SERVICIOS SOCIALES;ENFERMEDADES TRANSMITIDAS POR MOSQUITOS;CRIADEROS DE MOSQUITOS;SOLICITUD;2019-08-26;12:50:42 p.m.;COMUNA 1;RETIRO;SUIPACHA;1022.0;;-34.5962215087722;-58.3799650222349;Comunas;Femenino;Abierto;
01180258/19;201908;SALUD Y SERVICIOS SOCIALES;ENFERMEDADES TRANSMITIDAS POR MOSQUITOS;CRIADEROS DE MOSQUITOS;SOLICITUD;2019-08-27;06:07:58 p.m.;COMUNA 7;FLORES;PEDERNERA;392.0;;-34.6336778295393;-58.462209451554;147;Femenino;Abierto;
01348299/19;201909;SALUD Y SERVICIOS SOCIALES;ENFERMEDADES TRANSMITIDAS POR MOSQUITOS;CRIADEROS DE MOSQUITOS;SOLICITUD;2019-09-28;08:49:15 p.m.;COMUNA 4;PARQUE PATRICIOS;DEAN FUNES;1660.0;;-34.6298789117734;-58.4051328010812;147;Femenino;Abierto;
01348978/19;201909;SALUD Y SERVICIOS SOCIALES;ENFERMEDADES TRANSMITIDAS POR MOSQUITOS;CRIADEROS DE MOSQUITOS;SOLICITUD;2019-09-29;11:24:15 a.m.;COMUNA 8;VILLA LUGANO;SOLDADO DE LA FRONTERA AV.;5210.0;;-34.685005228573296;-58.463550980834704;147;Masculino;Abierto;
01351698/19;201909;SALUD Y SERVICIOS SOCIALES;ENFERMEDADES TRANSMITIDAS POR MOSQUITOS;CRIADEROS DE MOSQUITOS;SOLICITUD;2019-09-30;10:26:45 a.m.;COMUNA 5;ALMAGRO;PRINGLES;1006.0;;-34.599967382231895;-58.426803196931;147;Femenino;Cerrado;2020-02-05
01387444/19;201910;SALUD Y SERVICIOS SOCIALES;ENFERMEDADES TRANSMITIDAS POR MOSQUITOS;CRIADEROS DE MOSQUITOS;SOLICITUD;2019-10-07;01:36:22 p.m.;COMUNA 12;COGHLAN;ROOSEVELT FRANKLIN D.;3747.0;;-34.5653756885546;-58.473881650206096;147;Femenino;Abierto;
01395880/19;201910;SALUD Y SERVICIOS SOCIALES;ENFERMEDADES TRANSMITIDAS POR MOSQUITOS;CRIADEROS DE MOSQUITOS;SOLICITUD;2019-10-08;03:48:16 p.m.;COMUNA 2;RECOLETA;ALVEAR, MARCELO T. DE;2293.0;;-34.5967474138162;-58.4001089029899;147;Femenino;Abierto;
01401423/19;201910;SALUD Y SERVICIOS SOCIALES;ENFERMEDADES TRANSMITIDAS POR MOSQUITOS;CRIADEROS DE MOSQUITOS;SOLICITUD;2019-10-09;05:01:12 p.m.;COMUNA 11;VILLA DEL PARQUE;GUTIERREZ, RICARDO;3053.0;;-34.6010149014097;-58.492894613432505;147;;Abierto;
01407218/19;201910;SALUD Y SERVICIOS SOCIALES;ENFERMEDADES TRANSMITIDAS POR MOSQUITOS;CRIADEROS DE MOSQUITOS;SOLICITUD;2019-10-10;03:42:28 p.m.;COMUNA 12;SAAVEDRA;LUGONES;4471.0;;-34.5529776802421;-58.4938603181664;App;Masculino;Cerrado;2020-02-05
01408861/19;201910;SALUD Y SERVICIOS SOCIALES;ENFERMEDADES TRANSMITIDAS POR MOSQUITOS;CRIADEROS DE MOSQUITOS;SOLICITUD;2019-10-10;08:38:20 p.m.;COMUNA 10;MONTE CASTRO;SASTRE, MARCOS;5198.0;;-34.6198384386996;-58.514476391108;Comunas;Masculino;Abierto;
01419252/19;201910;SALUD Y SERVICIOS SOCIALES;ENFERMEDADES TRANSMITIDAS POR MOSQUITOS;CRIADEROS DE MOSQUITOS;SOLICITUD;2019-10-14;12:30:59 p.m.;COMUNA 5;ALMAGRO;RIVADAVIA AV.;3548.0;;-34.6109521506426;-58.4163864926458;147;Masculino;Abierto;
01444802/19;201910;SALUD Y SERVICIOS SOCIALES;ENFERMEDADES TRANSMITIDAS POR MOSQUITOS;CRIADEROS DE MOSQUITOS;SOLICITUD;2019-10-19;02:41:03 p.m.;COMUNA 15;PARQUE CHAS;BALLIVIAN;2932.0;;-34.5821771351436;-58.4830594393005;147;Femenino;Abierto;
01446951/19;201910;SALUD Y SERVICIOS SOCIALES;ENFERMEDADES TRANSMITIDAS POR MOSQUITOS;CRIADEROS DE MOSQUITOS;SOLICITUD;2019-10-20;07:26:50 p.m.;COMUNA 3;BALVANERA;AYACUCHO;436.0;;-34.6041906160077;-58.3953719598771;Comunas;Masculino;Abierto;
01464606/19;201910;SALUD Y SERVICIOS SOCIALES;ENFERMEDADES TRANSMITIDAS POR MOSQUITOS;CRIADEROS DE MOSQUITOS;SOLICITUD;2019-10-23;04:18:07 p.m.;COMUNA 14;PALERMO;GORRITI;6014.0;;-34.5816359622019;-58.4416661154284;Comunas;Femenino;Abierto;
01467492/19;201910;SALUD Y SERVICIOS SOCIALES;ENFERMEDADES TRANSMITIDAS POR MOSQUITOS;CRIADEROS DE MOSQUITOS;SOLICITUD;2019-10-24;09:20:42 a.m.;COMUNA 12;VILLA URQUIZA;GALVAN;3463.0;;-34.5631465718538;-58.49058317035979;App;Masculino;Abierto;
01475857/19;201910;SALUD Y SERVICIOS SOCIALES;ENFERMEDADES TRANSMITIDAS POR MOSQUITOS;CRIADEROS DE MOSQUITOS;SOLICITUD;2019-10-25;01:12:46 p.m.;COMUNA 12;VILLA URQUIZA;LE BRETON, TOMAS A.;5765.0;;-34.5747192278261;-58.4972324162016;App;Masculino;Abierto;
01481177/19;201910;SALUD Y SERVICIOS SOCIALES;ENFERMEDADES TRANSMITIDAS POR MOSQUITOS;CRIADEROS DE MOSQUITOS;SOLICITUD;2019-10-27;01:29:09 a.m.;COMUNA 12;SAAVEDRA;ACHA, MARIANO, GRAL.;;CHAJARI;-34.5589373501196;-58.488498534183904;147;Femenino;Abierto;
01488604/19;201910;SALUD Y SERVICIOS SOCIALES;ENFERMEDADES TRANSMITIDAS POR MOSQUITOS;CRIADEROS DE MOSQUITOS;SOLICITUD;2019-10-28;08:01:08 p.m.;COMUNA 14;PALERMO;SCALABRINI ORTIZ, RAUL AV.;1967.0;;-34.5888872750965;-58.421750614768;147;Femenino;Abierto;
01498508/19;201910;SALUD Y SERVICIOS SOCIALES;ENFERMEDADES TRANSMITIDAS POR MOSQUITOS;CRIADEROS DE MOSQUITOS;SOLICITUD;2019-10-30;11:41:46 a.m.;COMUNA 7;PARQUE CHACABUCO;LA PLATA AV.;;INCLAN;-34.633698020111105;-58.4251853235789;147;Masculino;Cerrado;2020-02-05
01512399/19;201911;SALUD Y SERVICIOS SOCIALES;ENFERMEDADES TRANSMITIDAS POR MOSQUITOS;CRIADEROS DE MOSQUITOS;SOLICITUD;2019-11-01;02:35:50 p.m.;COMUNA 8;VILLA LUGANO;BERGANTIN VIGILANTE;;DE LA TORRE, LISANDRO;-34.6885125382334;-58.4675821318682;147;;Abierto;
01524943/19;201911;SALUD Y SERVICIOS SOCIALES;ENFERMEDADES TRANSMITIDAS POR MOSQUITOS;CRIADEROS DE MOSQUITOS;SOLICITUD;2019-11-04;07:06:20 p.m.;COMUNA 1;RETIRO;SAN MARTIN;1364.0;;-34.590211933422;-58.3714691806672;147;Femenino;Abierto;
01525193/19;201911;SALUD Y SERVICIOS SOCIALES;ENFERMEDADES TRANSMITIDAS POR MOSQUITOS;CRIADEROS DE MOSQUITOS;SOLICITUD;2019-11-04;07:46:00 p.m.;COMUNA 1;CONSTITUCIÓN;SAN JOSE;1073.0;;-34.6207620840696;-58.3858830659315;147;Masculino;Abierto;
01528061/19;201911;SALUD Y SERVICIOS SOCIALES;ENFERMEDADES TRANSMITIDAS POR MOSQUITOS;CRIADEROS DE MOSQUITOS;SOLICITUD;2019-11-05;11:13:41 a.m.;COMUNA 4;BARRACAS;LUJAN;2282.0;;-34.6560678630991;-58.3765126520171;147;Femenino;Abierto;
01532094/19;201911;SALUD Y SERVICIOS SOCIALES;ENFERMEDADES TRANSMITIDAS POR MOSQUITOS;CRIADEROS DE MOSQUITOS;SOLICITUD;2019-11-05;07:40:59 p.m.;COMUNA 7;PARQUE CHACABUCO;SALVIGNY;1509.0;;-34.6442205088293;-58.4324553876116;Comunas;Femenino;Cerrado;2020-02-05
01532146/19;201911;SALUD Y SERVICIOS SOCIALES;ENFERMEDADES TRANSMITIDAS POR MOSQUITOS;CRIADEROS DE MOSQUITOS;SOLICITUD;2019-11-05;07:52:27 p.m.;COMUNA 15;AGRONOMÍA;ESTADO PLURINACIONAL DE BOLIVIA;3949.0;;-34.5896206873237;-58.4938115996146;147;;Abierto;
01533174/19;201911;SALUD Y SERVICIOS SOCIALES;ENFERMEDADES TRANSMITIDAS POR MOSQUITOS;CRIADEROS DE MOSQUITOS;SOLICITUD;2019-11-06;06:55:29 a.m.;COMUNA 5;ALMAGRO;LEZICA;4481.0;;-34.6136697343843;-58.429392083416005;Comunas;Masculino;Abierto;
01543594/19;201911;SALUD Y SERVICIOS SOCIALES;ENFERMEDADES TRANSMITIDAS POR MOSQUITOS;CRIADEROS DE MOSQUITOS;SOLICITUD;2019-11-07;03:18:38 p.m.;COMUNA 14;PALERMO;ARCOS;1278.0;;-34.5674032426773;-58.4467913097517;147;Femenino;Abierto;
01558445/19;201911;SALUD Y SERVICIOS SOCIALES;ENFERMEDADES TRANSMITIDAS POR MOSQUITOS;CRIADEROS DE MOSQUITOS;SOLICITUD;2019-11-11;12:27:44 p.m.;COMUNA 10;MONTE CASTRO;ARREGUI;4712.0;;-34.617578805247604;-58.5069374996041;147;Femenino;Cerrado;2020-02-05
01580592/19;201911;SALUD Y SERVICIOS SOCIALES;ENFERMEDADES TRANSMITIDAS POR MOSQUITOS;CRIADEROS DE MOSQUITOS;SOLICITUD;2019-11-14;04:10:40 p.m.;COMUNA 5;ALMAGRO;YATAY;361.0;;-34.6078554947491;-58.4291218945011;147;Femenino;Abierto;
01581773/19;201911;SALUD Y SERVICIOS SOCIALES;ENFERMEDADES TRANSMITIDAS POR MOSQUITOS;CRIADEROS DE MOSQUITOS;SOLICITUD;2019-11-14;06:49:38 p.m.;COMUNA 1;SAN NICOLÁS;SARMIENTO;669.0;;-34.604602070104896;-58.3761519657209;Comunas;Femenino;Abierto;
01583247/19;201911;SALUD Y SERVICIOS SOCIALES;ENFERMEDADES TRANSMITIDAS POR MOSQUITOS;CRIADEROS DE MOSQUITOS;SOLICITUD;2019-11-15;09:13:19 a.m.;COMUNA 5;BOEDO;MARMOL, JOSE;;SALCEDO;-34.6347030386181;-58.422218535865895;147;;Abierto;
01587346/19;201911;SALUD Y SERVICIOS SOCIALES;ENFERMEDADES TRANSMITIDAS POR MOSQUITOS;CRIADEROS DE MOSQUITOS;SOLICITUD;2019-11-15;06:24:10 p.m.;COMUNA 5;BOEDO;INCLAN;4358.0;;-34.6336797820663;-58.4245200974066;147;Femenino;Abierto;
01589584/19;201911;SALUD Y SERVICIOS SOCIALES;ENFERMEDADES TRANSMITIDAS POR MOSQUITOS;CRIADEROS DE MOSQUITOS;SOLICITUD;2019-11-16;04:24:33 p.m.;COMUNA 7;FLORES;NEUQUEN;2027.0;;-34.6167032033124;-58.4613810255496;Comunas;Femenino;Abierto;
01604801/19;201911;SALUD Y SERVICIOS SOCIALES;ENFERMEDADES TRANSMITIDAS POR MOSQUITOS;CRIADEROS DE MOSQUITOS;SOLICITUD;2019-11-20;03:15:24 p.m.;COMUNA 6;CABALLITO;AVELLANEDA;163.0;;-34.6118857953618;-58.43269630667629;147;;Abierto;
01605718/19;201911;SALUD Y SERVICIOS SOCIALES;ENFERMEDADES TRANSMITIDAS POR MOSQUITOS;CRIADEROS DE MOSQUITOS;SOLICITUD;2019-11-24;12:02:15 a.m.;COMUNA 11;VILLA DEL PARQUE;GUTIERREZ, RICARDO;3055.0;;-34.6010181732574;-58.49289405443089;;Femenino;Abierto;
01607372/19;201911;SALUD Y SERVICIOS SOCIALES;ENFERMEDADES TRANSMITIDAS POR MOSQUITOS;CRIADEROS DE MOSQUITOS;SOLICITUD;2019-11-25;12:00:34 p.m.;COMUNA 5;ALMAGRO;YAPEYU;531.0;;-34.618140301848506;-58.421594038516105;App;Femenino;Abierto;
01608401/19;201911;SALUD Y SERVICIOS SOCIALES;ENFERMEDADES TRANSMITIDAS POR MOSQUITOS;CRIADEROS DE MOSQUITOS;SOLICITUD;2019-11-25;05:04:01 p.m.;COMUNA 7;FLORES;FRANKLIN;2274.0;;-34.6172789642737;-58.4659768762025;147;Femenino;Abierto;
01609567/19;201911;SALUD Y SERVICIOS SOCIALES;ENFERMEDADES TRANSMITIDAS POR MOSQUITOS;CRIADEROS DE MOSQUITOS;SOLICITUD;2019-11-26;09:10:58 a.m.;COMUNA 15;VILLA ORTUZAR;COMBATIENTES DE MALVINAS AV.;3490.0;;-34.5791232270093;-58.4763194033948;147;Femenino;Abierto;
01609581/19;201911;SALUD Y SERVICIOS SOCIALES;ENFERMEDADES TRANSMITIDAS POR MOSQUITOS;CRIADEROS DE MOSQUITOS;SOLICITUD;2019-11-26;09:14:34 a.m.;COMUNA 15;VILLA CRESPO;AGUIRRE;282.0;;-34.5995811435999;-58.433930627512105;147;Femenino;Cerrado;2020-02-05
01613123/19;201911;SALUD Y SERVICIOS SOCIALES;ENFERMEDADES TRANSMITIDAS POR MOSQUITOS;CRIADEROS DE MOSQUITOS;SOLICITUD;2019-11-27;08:56:50 a.m.;COMUNA 11;VILLA DEVOTO;NAVARRO;4283.0;;-34.6048022175858;-58.51209946252229;App;Femenino;Abierto;
01613675/19;201911;SALUD Y SERVICIOS SOCIALES;ENFERMEDADES TRANSMITIDAS POR MOSQUITOS;CRIADEROS DE MOSQUITOS;SOLICITUD;2019-11-27;10:33:39 a.m.;COMUNA 11;VILLA DEVOTO;CANTILO, JOSE LUIS;4282.0;;-34.6041369878975;-58.512762809006006;Comunas;Femenino;Abierto;
01617618/19;201911;SALUD Y SERVICIOS SOCIALES;ENFERMEDADES TRANSMITIDAS POR MOSQUITOS;CRIADEROS DE MOSQUITOS;SOLICITUD;2019-11-28;10:09:20 a.m.;COMUNA 4;BARRACAS;HERRERA;;ARAOZ DE LAMADRID, GREGORIO, GRAL.;-34.6426831011163;-58.376500488651295;147;Femenino;Abierto;
01622670/19;201911;SALUD Y SERVICIOS SOCIALES;ENFERMEDADES TRANSMITIDAS POR MOSQUITOS;CRIADEROS DE MOSQUITOS;SOLICITUD;2019-11-29;03:36:28 p.m.;COMUNA 10;VELEZ SARSFIELD;YERBAL;4500.0;;-34.6348101075612;-58.489549756232606;147;Femenino;Abierto;
01623559/19;201911;SALUD Y SERVICIOS SOCIALES;ENFERMEDADES TRANSMITIDAS POR MOSQUITOS;CRIADEROS DE MOSQUITOS;SOLICITUD;2019-11-29;07:53:28 p.m.;COMUNA 14;PALERMO;SANTA FE AV.;3722.0;;-34.5847830170126;-58.4166713598016;Comunas;Femenino;Abierto;
01630978/19;201912;SALUD Y SERVICIOS SOCIALES;ENFERMEDADES TRANSMITIDAS POR MOSQUITOS;CRIADEROS DE MOSQUITOS;SOLICITUD;2019-12-03;11:18:35 a.m.;COMUNA 15;PARQUE CHAS;DE LOS INCAS AV.;5422.0;;-34.5883882952353;-58.4836209386663;147;Femenino;Cerrado;2020-02-05
01632388/19;201912;SALUD Y SERVICIOS SOCIALES;ENFERMEDADES TRANSMITIDAS POR MOSQUITOS;CRIADEROS DE MOSQUITOS;SOLICITUD;2019-12-03;07:29:35 p.m.;COMUNA 15;VILLA CRESPO;LAVALLEJA;1138.0;;-34.596541262908694;-58.427698252948296;147;Femenino;Abierto;
01633367/19;201912;SALUD Y SERVICIOS SOCIALES;ENFERMEDADES TRANSMITIDAS POR MOSQUITOS;CRIADEROS DE MOSQUITOS;SOLICITUD;2019-12-04;09:40:50 a.m.;COMUNA 10;FLORESTA;MIRAMAR;4293.0;;-34.624239850314105;-58.4922224043896;147;Femenino;Abierto;
01634226/19;201912;SALUD Y SERVICIOS SOCIALES;ENFERMEDADES TRANSMITIDAS POR MOSQUITOS;CRIADEROS DE MOSQUITOS;SOLICITUD;2019-12-04;12:30:08 p.m.;COMUNA 6;CABALLITO;ALBERDI, JUAN BAUTISTA AV.;1232.0;;-34.6241618414495;-58.4454169699535;Web;Femenino;Abierto;
01641497/19;201912;SALUD Y SERVICIOS SOCIALES;ENFERMEDADES TRANSMITIDAS POR MOSQUITOS;CRIADEROS DE MOSQUITOS;SOLICITUD;2019-12-06;04:16:56 p.m.;COMUNA 2;RECOLETA;ALVEAR;1790.0;;-34.5885726550502;-58.3878764570917;147;Femenino;Abierto;
01644764/19;201912;SALUD Y SERVICIOS SOCIALES;ENFERMEDADES TRANSMITIDAS POR MOSQUITOS;CRIADEROS DE MOSQUITOS;SOLICITUD;2019-12-08;08:09:30 p.m.;COMUNA 15;VILLA CRESPO;CORRIENTES AV.;5258.0;;-34.5994473908738;-58.43938980257671;Comunas;Femenino;Abierto;
01646263/19;201912;SALUD Y SERVICIOS SOCIALES;ENFERMEDADES TRANSMITIDAS POR MOSQUITOS;CRIADEROS DE MOSQUITOS;SOLICITUD;2019-12-09;12:31:36 p.m.;COMUNA 13;BELGRANO;MOLDES;2040.0;;-34.5643022451164;-58.4589660817918;147;Femenino;Abierto;
01659076/19;201912;SALUD Y SERVICIOS SOCIALES;ENFERMEDADES TRANSMITIDAS POR MOSQUITOS;CRIADEROS DE MOSQUITOS;SOLICITUD;2019-12-13;03:04:34 p.m.;COMUNA 15;VILLA CRESPO;VERA;1074.0;;-34.5940427919957;-58.4424488909266;App;Femenino;Abierto;
01661660/19;201912;SALUD Y SERVICIOS SOCIALES;ENFERMEDADES TRANSMITIDAS POR MOSQUITOS;CRIADEROS DE MOSQUITOS;SOLICITUD;2019-12-14;08:23:51 p.m.;COMUNA 15;CHACARITA;LEIVA;4355.0;;-34.5934224334054;-58.4512227618925;147;Femenino;Abierto;
01666732/19;201912;SALUD Y SERVICIOS SOCIALES;ENFERMEDADES TRANSMITIDAS POR MOSQUITOS;CRIADEROS DE MOSQUITOS;SOLICITUD;2019-12-17;10:07:23 a.m.;COMUNA 14;PALERMO;CARRANZA, ANGEL JUSTINIANO;2066.0;;-34.579587772716;-58.4350588632036;147;Masculino;Abierto;
01666807/19;201912;SALUD Y SERVICIOS SOCIALES;ENFERMEDADES TRANSMITIDAS POR MOSQUITOS;CRIADEROS DE MOSQUITOS;SOLICITUD;2019-12-17;10:21:43 a.m.;COMUNA 9;MATADEROS;ALBARIÑO;1531.0;;-34.652321736231606;-58.494031995406;147;Femenino;Abierto;
01678691/19;201912;SALUD Y SERVICIOS SOCIALES;ENFERMEDADES TRANSMITIDAS POR MOSQUITOS;CRIADEROS DE MOSQUITOS;SOLICITUD;2019-12-20;08:37:56 p.m.;COMUNA 11;VILLA GRAL. MITRE;OROÑO, NICASIO;1873.0;;-34.604869752765104;-58.4609474434454;Comunas;Masculino;Abierto;
01685562/19;201912;SALUD Y SERVICIOS SOCIALES;ENFERMEDADES TRANSMITIDAS POR MOSQUITOS;CRIADEROS DE MOSQUITOS;SOLICITUD;2019-12-25;06:00:03 p.m.;COMUNA 14;PALERMO;AREVALO;2761.0;;-34.573245455728305;-58.4321419249343;Comunas;Masculino;Abierto;
01692111/19;201912;SALUD Y SERVICIOS SOCIALES;ENFERMEDADES TRANSMITIDAS POR MOSQUITOS;CRIADEROS DE MOSQUITOS;SOLICITUD;2019-12-28;10:45:16 a.m.;COMUNA 12;VILLA URQUIZA;ALVAREZ THOMAS AV.;;OLAZABAL AV.;-34.5734955522959;-58.48066841123139;147;Femenino;Abierto;
